Instance0,1950,300.0,0,0,0,0
Instance1,1919,54.0,0,0,0,0
Instance3,1929,87.0,0,0,0,0
Instance5,1950,98.0,0,0,0,0
Instance7,1947,43.0,0,0,0,0
Instance9,1944,43.0,0,0,0,0
Instance11,1940,42.0,0,0,0,0
Instance13,1915,58.0,0,0,0,0
Instance15,1942,35.0,0,0,0,0
Instance17,1978,63.0,0,0,0,0
Instance21,1937,67.0,0,0,0,0
Instance23,1929,52.0,0,0,0,0
Instance26,1967,33.0,0,0,0,0
Instance28,1961,41.0,0,0,0,0
Instance30,1969,35.0,0,0,0,0
Instance32,1963,43.0,0,0,0,0
Instance34,1939,28.0,0,0,0,0
Instance36,1917,34.0,0,0,0,0
Instance38,1913,42.0,0,0,0,0
Instance40,1948,37.0,0,0,0,0
Instance42,1961,60.0,0,0,0,0
Instance44,1934,34.0,0,0,0,0
Instance46,1928,46.0,0,0,0,0
Instance48,1943,45.0,0,0,0,0
Instance50,1978,30.0,0,0,0,0
Instance52,1951,28.0,0,0,0,0
Instance54,1948,41.0,0,0,0,0
Instance56,1923,29.0,0,0,0,0
Instance58,1960,29.0,0,0,0,0
Instance60,1891,26.0,0,0,0,0
Instance62,1932,83.0,0,0,0,0
Instance64,1959,54.0,0,0,0,0
Instance66,1920,224.0,0,0,0,0
Instance68,1924,36.0,0,0,0,0
Instance70,1938,32.0,0,0,0,0
Instance72,1926,43.0,0,0,0,0
Instance74,1946,39.0,0,0,0,0
Instance76,1934,49.0,0,0,0,0
Instance78,1953,39.0,0,0,0,0
Instance80,1936,38.0,0,0,0,0
Instance82,2003,45.0,0,0,0,0
Instance84,1951,26.0,0,0,0,0
Instance86,1940,26.0,0,0,0,0
Instance88,1943,37.0,0,0,0,0
Instance90,1933,48.0,0,0,0,0
Instance92,1939,38.0,0,0,0,0
Instance94,1910,77.0,0,0,0,0
Instance96,1925,37.0,0,0,0,0
Instance98,1950,25.0,0,0,0,0
Instance0,2187,37.0,0,0,0,0
Instance1,2268,51.0,0,0,0,0
Instance3,2182,66.0,0,0,0,0
Instance5,2236,35.0,1,0,0,0
Instance7,2271,39.0,0,0,0,0
Instance9,2232,42.0,0,0,0,0
Instance11,2218,28.0,0,0,0,0
Instance13,2227,32.0,0,0,0,0
Instance15,2197,43.0,0,0,0,0
Instance17,2270,52.0,0,0,0,0
Instance19,2248,39.0,0,0,0,0
Instance21,2188,48.0,0,0,0,0
Instance23,2226,36.0,0,0,0,0
Instance25,2248,49.0,0,0,0,0
Instance27,2249,53.0,0,0,0,0
Instance29,2224,35.0,0,0,0,0
Instance31,2249,49.0,0,0,0,0
Instance33,2230,53.0,0,0,0,0
Instance35,2243,33.0,0,0,0,0
Instance37,2242,68.0,0,0,0,0
Instance39,2230,43.0,0,0,0,0
Instance41,2233,37.0,0,0,0,0
Instance43,2201,27.0,0,0,0,0
Instance45,2213,37.0,0,0,0,0
Instance47,2232,73.0,1,0,0,0
Instance49,2265,31.0,0,0,0,0
Instance51,2262,105.0,0,0,0,0
Instance53,2265,39.0,0,0,0,0
Instance55,2219,40.0,0,0,0,0
Instance57,2231,41.0,0,0,0,0
Instance59,2214,27.0,0,0,0,0
Instance61,2254,28.0,0,0,0,0
Instance63,2229,38.0,0,0,0,0
Instance65,2209,41.0,0,0,0,0
Instance67,2251,42.0,0,0,0,0
Instance69,2249,35.0,0,0,0,0
Instance71,2218,37.0,0,0,0,0
Instance74,2241,31.0,0,0,0,0
Instance76,2226,28.0,0,0,0,0
Instance78,2257,29.0,0,0,0,0
Instance80,2289,37.0,0,0,0,0
Instance82,2248,41.0,0,0,0,0
Instance84,2288,28.0,0,0,0,0
Instance86,2247,45.0,0,0,0,0
Instance88,2286,29.0,0,0,0,0
Instance90,2240,29.0,0,0,0,0
Instance92,2230,31.0,0,0,0,0
Instance94,2199,52.0,0,0,0,0
Instance96,2231,40.0,0,0,0,0
Instance98,2277,31.0,0,0,0,0
Instance0,2542,48.0,1,0,0,0
Instance1,2533,33.0,0,0,0,0
Instance3,2643,28.0,0,0,0,0
Instance5,2618,41.0,0,0,0,0
Instance7,2601,48.0,0,0,0,0
Instance9,2584,39.0,0,0,0,0
Instance11,2613,69.0,1,0,0,0
Instance13,2581,29.0,0,0,0,0
Instance15,2628,31.0,0,0,0,0
Instance17,2532,44.0,0,0,0,0
Instance19,2594,51.0,0,0,0,0
Instance21,2534,28.0,0,0,0,0
Instance23,2541,30.0,0,0,0,0
Instance25,2602,96.0,2,0,0,0
Instance27,2639,40.0,0,0,0,0
Instance29,2571,60.0,0,0,0,0
Instance31,2506,38.0,0,0,0,0
Instance33,2546,29.0,0,0,0,0
Instance35,2593,53.0,0,0,0,0
Instance37,2523,28.0,0,0,0,0
Instance39,2598,132.0,0,0,0,0
Instance41,2570,34.0,0,0,0,0
Instance43,2592,33.0,0,0,0,0
Instance45,2537,39.0,0,0,0,0
Instance47,2550,29.0,0,0,0,0
Instance49,2564,39.0,0,0,0,0
Instance51,2572,39.0,0,0,0,0
Instance53,2493,39.0,0,0,0,0
Instance56,2581,32.0,0,0,0,0
Instance58,2571,48.0,0,0,0,0
Instance60,2587,70.0,0,0,0,0
Instance62,2561,46.0,0,0,0,0
Instance64,2565,32.0,0,0,0,0
Instance66,2561,41.0,0,0,0,0
Instance68,2594,39.0,2,0,0,0
Instance70,2642,110.0,0,0,0,0
Instance72,2507,45.0,0,0,0,0
Instance74,2522,39.0,1,0,0,0
Instance76,2600,43.0,1,0,0,0
Instance78,2608,60.0,0,0,0,0
Instance80,2622,50.0,0,0,0,0
Instance82,2579,31.0,1,0,0,0
Instance84,2571,66.0,0,0,0,0
Instance86,2561,43.0,0,0,0,0
Instance88,2516,164.0,0,0,0,0
Instance90,2573,111.0,0,0,0,0
Instance92,2604,73.0,0,0,0,0
Instance94,2552,31.0,1,0,0,0
Instance96,2560,37.0,2,0,0,0
Instance98,2659,196.0,0,0,0,0
Instance0,3087,105.0,6,0,0,0
Instance1,3078,58.0,3,0,0,0
Instance3,3023,205.0,3,0,0,0
Instance5,2975,61.0,7,0,0,0
Instance7,3163,49.0,3,0,0,0
Instance9,3055,35.0,5,0,0,0
Instance11,3190,36.0,3,0,0,0
Instance13,3071,39.0,7,0,0,0
Instance15,3126,33.0,4,0,0,0
Instance17,3071,36.0,5,0,0,0
Instance19,3144,31.0,2,0,0,0
Instance21,3121,74.0,7,0,0,0
Instance23,3152,54.0,2,0,0,0
Instance25,3143,38.0,3,0,0,0
Instance27,3126,38.0,6,0,0,0
Instance29,3059,55.0,1,0,0,0
Instance31,3044,38.0,7,0,0,0
Instance33,3089,48.0,4,0,0,0
Instance35,2984,32.0,2,0,0,0
Instance37,3060,65.0,1,0,0,0
Instance39,3057,39.0,2,0,0,0
Instance41,3145,44.0,1,0,0,0
Instance43,3065,52.0,3,0,0,0
Instance45,3059,37.0,2,0,0,0
Instance47,3119,32.0,5,0,0,0
Instance49,3128,63.0,3,0,0,0
Instance51,3129,42.0,4,0,0,0
Instance53,3054,43.0,2,0,0,0
Instance55,3138,40.0,2,0,0,0
Instance57,3045,53.0,3,0,0,0
Instance59,3099,53.0,1,0,0,0
Instance61,3171,44.0,2,0,0,0
Instance63,3079,55.0,3,0,0,0
Instance65,3115,49.0,5,0,0,0
Instance67,3178,29.0,1,0,0,0
Instance69,3173,33.0,3,0,0,0
Instance71,3052,37.0,3,0,0,0
Instance73,3062,45.0,3,0,0,0
Instance75,3112,33.0,2,0,0,0
Instance77,3060,34.0,3,0,0,0
Instance79,3088,42.0,5,0,0,0
Instance81,3044,33.0,4,0,0,0
Instance83,3033,45.0,2,0,0,0
Instance85,3124,35.0,4,0,0,0
Instance87,3100,98.0,5,0,0,0
Instance89,3135,45.0,6,0,0,0
Instance91,3106,40.0,3,0,0,0
Instance93,3079,47.0,3,0,0,0
Instance95,3038,52.0,6,0,0,0
Instance97,3108,34.0,3,0,0,0
Instance0,3575,73.0,19,0,0,0
Instance1,3507,38.0,18,0,0,0
Instance3,3617,34.0,28,0,0,0
Instance5,3500,43.0,24,0,0,0
Instance7,3603,37.0,24,0,0,0
Instance9,3579,84.0,16,0,0,0
Instance11,3593,34.0,18,0,0,0
Instance13,3455,116.0,40,0,0,0
Instance15,3529,40.0,17,0,0,0
Instance17,3712,36.0,20,0,0,0
Instance19,3567,44.0,18,0,0,0
Instance21,3533,31.0,16,0,0,0
Instance23,3641,61.0,26,0,0,0
Instance25,3443,48.0,22,0,0,0
Instance27,3532,44.0,20,0,0,0
Instance29,3612,56.0,18,0,0,0
Instance31,3514,49.0,28,0,0,0
Instance33,3524,39.0,29,0,0,0
Instance36,3526,34.0,26,0,0,0
Instance38,3549,43.0,23,0,0,0
Instance40,3542,43.0,18,0,0,0
Instance42,3593,51.0,18,0,0,0
Instance44,3668,49.0,15,0,0,0
Instance46,3632,54.0,23,0,0,0
Instance48,3615,49.0,17,0,0,0
Instance50,3666,48.0,15,0,0,0
Instance52,3558,40.0,23,0,0,0
Instance54,3561,45.0,21,0,0,0
Instance56,3604,40.0,28,0,0,0
Instance58,3515,63.0,20,0,0,0
Instance60,3555,38.0,13,0,0,0
Instance62,3539,64.0,16,0,0,0
Instance64,3608,33.0,26,0,0,0
Instance66,3655,56.0,17,0,0,0
Instance68,3521,58.0,21,0,0,0
Instance70,3583,34.0,16,0,0,0
Instance72,3570,49.0,24,0,0,0
Instance74,3634,42.0,19,0,0,0
Instance76,3578,35.0,30,0,0,0
Instance78,3595,32.0,27,0,0,0
Instance80,3547,63.0,24,0,0,0
Instance82,3585,42.0,26,0,0,0
Instance84,3596,60.0,10,0,0,0
Instance86,3676,38.0,13,0,0,0
Instance88,3543,60.0,18,0,0,0
Instance90,3635,56.0,14,0,0,0
Instance92,3556,65.0,28,0,0,0
Instance94,3504,255.0,21,0,0,0
Instance96,3588,151.0,21,0,0,0
Instance98,3694,44.0,23,0,0,0
Instance0,3045,209.0,80,0,0,2147483647
Domain wipe-out of variable V18. No solution to CSP.
Instance2,1853,38.0,74,0,0,2147483647
Instance4,3557,33.0,97,0,-2032664576,5
Instance6,3571,48.0,88,0,0,6
Domain wipe-out of variable V25. No solution to CSP.
Instance8,2707,42.0,84,0,0,2147483647
Instance10,3701,42.0,89,0,-880803840,2
Instance12,3976,44.0,67,0,629145600,1
Domain wipe-out of variable V30. No solution to CSP.
Instance14,3750,73.0,88,0,0,2147483647
Domain wipe-out of variable V21. No solution to CSP.
Instance16,1954,57.0,84,0,0,2147483647
Instance18,3556,37.0,98,0,-2100297728,7
Domain wipe-out of variable V12. No solution to CSP.
Instance20,1401,55.0,42,0,0,2147483647
Domain wipe-out of variable V21. No solution to CSP.
Instance22,2135,58.0,89,0,0,2147483647
Domain wipe-out of variable V29. No solution to CSP.
Instance24,3154,44.0,107,0,0,2147483647
Domain wipe-out of variable V22. No solution to CSP.
Instance26,2325,50.0,97,0,0,2147483647
Domain wipe-out of variable V30. No solution to CSP.
Instance28,3328,50.0,96,0,0,2147483647
Domain wipe-out of variable V26. No solution to CSP.
Instance30,3060,52.0,87,0,0,2147483647
Domain wipe-out of variable V11. No solution to CSP.
Instance32,1299,136.0,38,0,0,2147483647
Domain wipe-out of variable V27. No solution to CSP.
Instance34,3054,61.0,85,0,0,2147483647
Domain wipe-out of variable V20. No solution to CSP.
Instance36,2300,60.0,68,0,0,2147483647
Domain wipe-out of variable V31. No solution to CSP.
Instance38,3731,76.0,96,0,0,2147483647
Instance40,3528,58.0,103,0,-2147483648,6
Instance42,3670,39.0,93,0,503316480,5
Domain wipe-out of variable V20. No solution to CSP.
Instance45,2436,37.0,74,0,0,2147483647
Domain wipe-out of variable V29. No solution to CSP.
Instance47,3272,56.0,101,0,0,2147483647
Domain wipe-out of variable V16. No solution to CSP.
Instance49,1577,31.0,70,0,0,2147483647
Domain wipe-out of variable V31. No solution to CSP.
Instance51,3323,38.0,122,0,0,2147483647
Domain wipe-out of variable V27. No solution to CSP.
Instance53,3238,44.0,74,0,0,2147483647
Domain wipe-out of variable V27. No solution to CSP.
Instance55,2653,37.0,99,0,0,2147483647
Instance57,3598,36.0,85,0,-1610612736,4
Instance59,3772,32.0,90,0,513802240,6
Domain wipe-out of variable V24. No solution to CSP.
Instance61,2736,52.0,72,0,0,2147483647
Domain wipe-out of variable V19. No solution to CSP.
Instance63,2475,34.0,67,0,0,2147483647
Domain wipe-out of variable V22. No solution to CSP.
Instance65,2320,36.0,87,0,0,2147483647
Domain wipe-out of variable V28. No solution to CSP.
Instance67,2935,69.0,92,0,0,2147483647
Domain wipe-out of variable V26. No solution to CSP.
Instance69,3262,56.0,72,0,0,2147483647
Instance72,3671,39.0,93,0,1962934272,5
Domain wipe-out of variable V31. No solution to CSP.
Instance74,3258,63.0,131,0,0,2147483647
Domain wipe-out of variable V23. No solution to CSP.
Instance76,2877,41.0,72,0,0,2147483647
Instance78,3221,142.0,99,0,1073741824,6
Domain wipe-out of variable V24. No solution to CSP.
Instance80,2215,180.0,103,0,0,2147483647
Domain wipe-out of variable V25. No solution to CSP.
Instance82,2482,68.0,101,0,0,2147483647
Domain wipe-out of variable V26. No solution to CSP.
Instance84,3201,43.0,68,0,0,2147483647
Domain wipe-out of variable V20. No solution to CSP.
Instance86,2218,34.0,67,0,0,2147483647
Domain wipe-out of variable V21. No solution to CSP.
Instance88,2459,37.0,65,0,0,2147483647
Domain wipe-out of variable V29. No solution to CSP.
Instance90,3558,39.0,73,0,0,2147483647
Instance92,3649,62.0,84,0,-939524096,1
Instance94,3636,56.0,99,0,25165824,9
Domain wipe-out of variable V24. No solution to CSP.
Instance96,2668,49.0,88,0,0,2147483647
Domain wipe-out of variable V29. No solution to CSP.
Instance98,3260,41.0,88,0,0,2147483647
Domain wipe-out of variable V26. No solution to CSP.
Instance100,2993,44.0,85,0,0,2147483647
Domain wipe-out of variable V4. No solution to CSP.
Instance0,464,34.0,28,0,0,2147483647
Domain wipe-out of variable V5. No solution to CSP.
Instance1,670,25.0,36,0,0,2147483647
Domain wipe-out of variable V6. No solution to CSP.
Instance3,691,25.0,33,0,0,2147483647
Domain wipe-out of variable V15. No solution to CSP.
Instance5,1348,34.0,88,0,0,2147483647
Domain wipe-out of variable V11. No solution to CSP.
Instance8,1237,27.0,59,0,0,2147483647
Domain wipe-out of variable V6. No solution to CSP.
Instance10,622,58.0,46,0,0,2147483647
Domain wipe-out of variable V7. No solution to CSP.
Instance12,846,54.0,36,0,0,2147483647
Domain wipe-out of variable V5. No solution to CSP.
Instance14,722,18.0,33,0,0,2147483647
Domain wipe-out of variable V13. No solution to CSP.
Instance16,1255,28.0,75,0,0,2147483647
Domain wipe-out of variable V3. No solution to CSP.
Instance18,415,18.0,25,0,0,2147483647
Domain wipe-out of variable V8. No solution to CSP.
Instance20,947,33.0,43,0,0,2147483647
Domain wipe-out of variable V8. No solution to CSP.
Instance22,800,25.0,52,0,0,2147483647
Domain wipe-out of variable V5. No solution to CSP.
Instance24,775,25.0,31,0,0,2147483647
Domain wipe-out of variable V11. No solution to CSP.
Instance26,939,24.0,62,0,0,2147483647
Domain wipe-out of variable V2. No solution to CSP.
Instance28,414,17.0,20,0,0,2147483647
Domain wipe-out of variable V5. No solution to CSP.
Instance30,720,27.0,35,0,0,2147483647
Domain wipe-out of variable V2. No solution to CSP.
Instance32,310,18.0,16,0,0,2147483647
Domain wipe-out of variable V11. No solution to CSP.
Instance34,1161,26.0,65,0,0,2147483647
Domain wipe-out of variable V6. No solution to CSP.
Instance36,610,24.0,40,0,0,2147483647
Domain wipe-out of variable V3. No solution to CSP.
Instance38,436,21.0,18,0,0,2147483647
Domain wipe-out of variable V3. No solution to CSP.
Instance40,246,28.0,28,0,0,2147483647
Domain wipe-out of variable V2. No solution to CSP.
Instance42,324,21.0,18,0,0,2147483647
Domain wipe-out of variable V8. No solution to CSP.
Instance44,810,48.0,36,0,0,2147483647
Domain wipe-out of variable V3. No solution to CSP.
Instance46,474,17.0,21,0,0,2147483647
Domain wipe-out of variable V12. No solution to CSP.
Instance48,1258,21.0,68,0,0,2147483647
Domain wipe-out of variable V7. No solution to CSP.
Instance50,947,22.0,42,0,0,2147483647
Domain wipe-out of variable V6. No solution to CSP.
Instance52,694,20.0,35,0,0,2147483647
Domain wipe-out of variable V9. No solution to CSP.
Instance54,1179,34.0,46,0,0,2147483647
Domain wipe-out of variable V6. No solution to CSP.
Instance56,761,19.0,30,0,0,2147483647
Domain wipe-out of variable V4. No solution to CSP.
Instance58,562,26.0,29,0,0,2147483647
Domain wipe-out of variable V4. No solution to CSP.
Instance60,583,16.0,29,0,0,2147483647
Domain wipe-out of variable V9. No solution to CSP.
Instance62,906,38.0,53,0,0,2147483647
Domain wipe-out of variable V7. No solution to CSP.
Instance64,743,16.0,45,0,0,2147483647
Domain wipe-out of variable V3. No solution to CSP.
Instance66,357,29.0,21,0,0,2147483647
Domain wipe-out of variable V5. No solution to CSP.
Instance68,794,22.0,35,0,0,2147483647
Domain wipe-out of variable V13. No solution to CSP.
Instance70,1309,38.0,77,0,0,2147483647
Domain wipe-out of variable V8. No solution to CSP.
Instance72,1042,53.0,49,0,0,2147483647
Domain wipe-out of variable V4. No solution to CSP.
Instance74,516,70.0,22,0,0,2147483647
Domain wipe-out of variable V14. No solution to CSP.
Instance76,1171,42.0,84,0,0,2147483647
Domain wipe-out of variable V4. No solution to CSP.
Instance78,393,16.0,30,0,0,2147483647
Domain wipe-out of variable V6. No solution to CSP.
Instance80,780,28.0,32,0,0,2147483647
Domain wipe-out of variable V6. No solution to CSP.
Instance82,781,38.0,37,0,0,2147483647
Domain wipe-out of variable V10. No solution to CSP.
Instance84,1147,36.0,55,0,0,2147483647
Domain wipe-out of variable V14. No solution to CSP.
Instance86,1287,23.0,90,0,0,2147483647
Domain wipe-out of variable V2. No solution to CSP.
Instance88,374,25.0,19,0,0,2147483647
Domain wipe-out of variable V6. No solution to CSP.
Instance90,724,21.0,42,0,0,2147483647
Domain wipe-out of variable V13. No solution to CSP.
Instance92,1330,29.0,75,0,0,2147483647
Domain wipe-out of variable V2. No solution to CSP.
Instance94,333,21.0,14,0,0,2147483647
Domain wipe-out of variable V4. No solution to CSP.
Instance96,492,24.0,30,0,0,2147483647
Domain wipe-out of variable V3. No solution to CSP.
Instance98,548,20.0,24,0,0,2147483647
Domain wipe-out of variable V0. No solution to CSP.
Instance0,114,17.0,8,0,0,2147483647
Domain wipe-out of variable V1. No solution to CSP.
Instance1,206,27.0,14,0,0,2147483647
Domain wipe-out of variable V0. No solution to CSP.
Instance3,125,21.0,8,0,0,2147483647
Domain wipe-out of variable V1. No solution to CSP.
Instance5,171,20.0,12,0,0,2147483647
Domain wipe-out of variable V0. No solution to CSP.
Instance7,107,22.0,8,0,0,2147483647
Domain wipe-out of variable V0. No solution to CSP.
Instance9,102,20.0,8,0,0,2147483647
Domain wipe-out of variable V0. No solution to CSP.
Instance11,102,32.0,8,0,0,2147483647
Domain wipe-out of variable V3. No solution to CSP.
Instance13,416,22.0,25,0,0,2147483647
Domain wipe-out of variable V1. No solution to CSP.
Instance15,229,23.0,15,0,0,2147483647
Domain wipe-out of variable V2. No solution to CSP.
Instance17,218,32.0,22,0,0,2147483647
Domain wipe-out of variable V3. No solution to CSP.
Instance19,290,18.0,24,0,0,2147483647
Domain wipe-out of variable V1. No solution to CSP.
Instance21,229,17.0,15,0,0,2147483647
Domain wipe-out of variable V3. No solution to CSP.
Instance23,326,18.0,29,0,0,2147483647
Domain wipe-out of variable V1. No solution to CSP.
Instance25,188,24.0,11,0,0,2147483647
Domain wipe-out of variable V3. No solution to CSP.
Instance27,312,20.0,27,0,0,2147483647
Domain wipe-out of variable V0. No solution to CSP.
Instance29,95,15.0,8,0,0,2147483647
Domain wipe-out of variable V0. No solution to CSP.
Instance31,123,27.0,8,0,0,2147483647
Domain wipe-out of variable V3. No solution to CSP.
Instance33,360,79.0,28,0,0,2147483647
Domain wipe-out of variable V0. No solution to CSP.
Instance35,86,17.0,8,0,0,2147483647
Domain wipe-out of variable V0. No solution to CSP.
Instance37,105,21.0,8,0,0,2147483647
Domain wipe-out of variable V0. No solution to CSP.
Instance39,116,32.0,8,0,0,2147483647
Domain wipe-out of variable V2. No solution to CSP.
Instance41,317,20.0,18,0,0,2147483647
Domain wipe-out of variable V1. No solution to CSP.
Instance43,203,17.0,15,0,0,2147483647
Domain wipe-out of variable V0. No solution to CSP.
Instance45,78,27.0,8,0,0,2147483647
Domain wipe-out of variable V0. No solution to CSP.
Instance47,124,16.0,8,0,0,2147483647
Domain wipe-out of variable V1. No solution to CSP.
Instance49,267,31.0,15,0,0,2147483647
Domain wipe-out of variable V5. No solution to CSP.
Instance52,504,23.0,41,0,0,2147483647
Domain wipe-out of variable V0. No solution to CSP.
Instance54,101,59.0,8,0,0,2147483647
Domain wipe-out of variable V2. No solution to CSP.
Instance56,269,24.0,22,0,0,2147483647
Domain wipe-out of variable V0. No solution to CSP.
Instance58,109,23.0,8,0,0,2147483647
Domain wipe-out of variable V0. No solution to CSP.
Instance60,93,14.0,8,0,0,2147483647
Domain wipe-out of variable V0. No solution to CSP.
Instance62,101,17.0,8,0,0,2147483647
Domain wipe-out of variable V0. No solution to CSP.
Instance64,115,24.0,8,0,0,2147483647
Domain wipe-out of variable V0. No solution to CSP.
Instance66,124,18.0,8,0,0,2147483647
Domain wipe-out of variable V1. No solution to CSP.
Instance68,177,24.0,15,0,0,2147483647
Domain wipe-out of variable V0. No solution to CSP.
Instance70,102,12.0,8,0,0,2147483647
Domain wipe-out of variable V3. No solution to CSP.
Instance72,391,25.0,27,0,0,2147483647
Domain wipe-out of variable V0. No solution to CSP.
Instance74,129,13.0,8,0,0,2147483647
Domain wipe-out of variable V2. No solution to CSP.
Instance76,302,17.0,22,0,0,2147483647
Domain wipe-out of variable V1. No solution to CSP.
Instance78,168,17.0,14,0,0,2147483647
Domain wipe-out of variable V2. No solution to CSP.
Instance80,319,26.0,22,0,0,2147483647
Domain wipe-out of variable V0. No solution to CSP.
Instance82,126,20.0,8,0,0,2147483647
Domain wipe-out of variable V0. No solution to CSP.
Instance84,97,16.0,8,0,0,2147483647
Domain wipe-out of variable V0. No solution to CSP.
Instance86,107,20.0,8,0,0,2147483647
Domain wipe-out of variable V1. No solution to CSP.
Instance88,165,35.0,13,0,0,2147483647
Domain wipe-out of variable V1. No solution to CSP.
Instance90,230,29.0,15,0,0,2147483647
Domain wipe-out of variable V2. No solution to CSP.
Instance92,312,15.0,18,0,0,2147483647
Domain wipe-out of variable V1. No solution to CSP.
Instance94,203,21.0,15,0,0,2147483647
Domain wipe-out of variable V3. No solution to CSP.
Instance96,317,26.0,29,0,0,2147483647
Domain wipe-out of variable V0. No solution to CSP.
Instance98,99,14.0,8,0,0,2147483647
Instance0,1950,26.0,0,0,0,0
Instance1,1919,48.0,0,0,0,0
Instance3,1929,88.0,0,0,0,0
Instance5,1950,45.0,0,0,0,0
Instance7,1947,43.0,0,0,0,0
Instance9,1944,31.0,0,0,0,0
Instance11,1940,34.0,0,0,0,0
Instance13,1915,28.0,0,0,0,0
Instance15,1942,48.0,0,0,0,0
Instance17,1978,35.0,0,0,0,0
Instance19,1937,64.0,0,0,0,0
Instance21,1937,114.0,0,0,0,0
Instance23,1929,27.0,0,0,0,0
Instance26,1967,63.0,0,0,0,0
Instance28,1961,29.0,0,0,0,0
Instance30,1969,32.0,0,0,0,0
Instance32,1963,36.0,0,0,0,0
Instance34,1939,126.0,0,0,0,0
Instance36,1917,44.0,0,0,0,0
Instance38,1913,54.0,0,0,0,0
Instance40,1948,56.0,0,0,0,0
Instance42,1961,44.0,0,0,0,0
Instance44,1934,73.0,0,0,0,0
Instance46,1928,97.0,0,0,0,0
Instance48,1943,32.0,0,0,0,0
Instance50,1978,42.0,0,0,0,0
Instance52,1951,26.0,0,0,0,0
Instance54,1948,67.0,0,0,0,0
Instance56,1923,46.0,0,0,0,0
Instance58,1960,44.0,0,0,0,0
Instance60,1891,84.0,0,0,0,0
Instance62,1932,37.0,0,0,0,0
Instance64,1959,33.0,0,0,0,0
Instance66,1920,29.0,0,0,0,0
Instance68,1924,46.0,0,0,0,0
Instance70,1938,101.0,0,0,0,0
Instance72,1926,24.0,0,0,0,0
Instance74,1946,55.0,0,0,0,0
Instance76,1934,34.0,0,0,0,0
Instance78,1953,36.0,0,0,0,0
Instance80,1936,25.0,0,0,0,0
Instance82,2003,31.0,0,0,0,0
Instance84,1951,38.0,0,0,0,0
Instance86,1940,128.0,0,0,0,0
Instance88,1943,38.0,0,0,0,0
Instance90,1933,235.0,0,0,0,0
Instance92,1939,48.0,0,0,0,0
Instance94,1910,51.0,0,0,0,0
Instance96,1925,36.0,0,0,0,0
Instance98,1950,36.0,0,0,0,0
Instance0,2187,33.0,0,0,0,0
Instance3,2182,31.0,0,0,0,0
Instance5,2342,46.0,1,0,0,0
Instance7,2271,26.0,0,0,0,0
Instance9,2232,38.0,0,0,0,0
Instance11,2218,31.0,0,0,0,0
Instance13,2227,28.0,0,0,0,0
Instance15,2197,56.0,0,0,0,0
Instance17,2270,71.0,0,0,0,0
Instance19,2248,37.0,0,0,0,0
Instance21,2188,31.0,0,0,0,0
Instance23,2226,33.0,0,0,0,0
Instance25,2248,42.0,0,0,0,0
Instance27,2249,26.0,0,0,0,0
Instance29,2224,32.0,0,0,0,0
Instance31,2249,28.0,0,0,0,0
Instance33,2230,70.0,0,0,0,0
Instance35,2243,35.0,0,0,0,0
Instance37,2242,37.0,0,0,0,0
Instance39,2230,32.0,0,0,0,0
Instance41,2233,41.0,0,0,0,0
Instance43,2201,76.0,0,0,0,0
Instance45,2213,90.0,0,0,0,0
Instance47,2310,60.0,1,0,0,0
Instance49,2265,44.0,0,0,0,0
Instance51,2262,72.0,0,0,0,0
Instance53,2265,42.0,0,0,0,0
Instance55,2219,42.0,0,0,0,0
Instance57,2231,92.0,0,0,0,0
Instance59,2214,96.0,0,0,0,0
Instance61,2254,59.0,0,0,0,0
Instance63,2229,28.0,0,0,0,0
Instance65,2209,58.0,0,0,0,0
Instance67,2251,34.0,0,0,0,0
Instance69,2249,30.0,0,0,0,0
Instance71,2218,127.0,0,0,0,0
Instance74,2241,50.0,0,0,0,0
Instance76,2226,49.0,0,0,0,0
Instance78,2257,46.0,0,0,0,0
Instance80,2289,40.0,0,0,0,0
Instance82,2248,36.0,0,0,0,0
Instance84,2288,30.0,0,0,0,0
Instance86,2247,29.0,0,0,0,0
Instance88,2286,25.0,0,0,0,0
Instance90,2240,61.0,0,0,0,0
Instance92,2230,52.0,0,0,0,0
Instance94,2199,29.0,0,0,0,0
Instance96,2231,29.0,0,0,0,0
Instance98,2277,29.0,0,0,0,0
Instance0,2631,54.0,1,0,0,0
Instance1,2533,33.0,0,0,0,0
Instance3,2643,51.0,0,0,0,0
Instance5,2618,33.0,0,0,0,0
Instance7,2601,59.0,0,0,0,0
Instance9,2584,55.0,0,0,0,0
Instance11,2808,58.0,1,0,0,0
Instance13,2581,40.0,0,0,0,0
Instance15,2628,31.0,0,0,0,0
Instance17,2532,46.0,0,0,0,0
Instance19,2594,37.0,0,0,0,0
Instance21,2534,29.0,0,0,0,0
Instance23,2541,37.0,0,0,0,0
Instance25,2963,60.0,2,0,0,0
Instance27,2639,27.0,0,0,0,0
Instance29,2571,30.0,0,0,0,0
Instance31,2506,30.0,0,0,0,0
Instance33,2546,32.0,0,0,0,0
Instance35,2593,39.0,0,0,0,0
Instance37,2523,36.0,0,0,0,0
Instance39,2598,35.0,0,0,0,0
Instance41,2570,27.0,0,0,0,0
Instance43,2592,32.0,0,0,0,0
Instance45,2537,34.0,0,0,0,0
Instance47,2550,30.0,0,0,0,0
Instance49,2564,33.0,0,0,0,0
Instance51,2572,26.0,0,0,0,0
Instance53,2493,43.0,0,0,0,0
Instance56,2581,33.0,0,0,0,0
Instance58,2571,28.0,0,0,0,0
Instance60,2587,32.0,0,0,0,0
Instance62,2561,176.0,0,0,0,0
Instance64,2565,42.0,0,0,0,0
Instance66,2561,50.0,0,0,0,0
Instance68,2966,45.0,2,0,0,0
Instance70,2642,28.0,0,0,0,0
Instance72,2507,37.0,0,0,0,0
Instance74,2690,60.0,1,0,0,0
Instance76,2733,39.0,1,0,0,0
Instance78,2608,32.0,0,0,0,0
Instance80,2622,34.0,0,0,0,0
Instance82,2873,70.0,1,0,0,0
Instance84,2571,33.0,0,0,0,0
Instance86,2561,55.0,0,0,0,0
Instance88,2516,33.0,0,0,0,0
Instance90,2573,29.0,0,0,0,0
Instance92,2604,71.0,0,0,0,0
Instance94,2670,30.0,1,0,0,0
Instance96,2838,62.0,2,0,0,0
Instance98,2659,50.0,0,0,0,0
Instance0,4624,232.0,7,0,0,0
Instance1,3648,90.0,3,0,0,0
Instance3,3479,55.0,3,0,0,0
Instance5,4320,72.0,7,0,0,0
Instance7,3940,55.0,3,0,0,0
Instance9,4250,72.0,7,0,0,0
Instance11,3890,90.0,4,0,0,0
Instance13,4616,75.0,7,0,0,0
Instance15,3633,68.0,4,0,0,0
Instance17,4078,68.0,5,0,0,0
Instance19,3700,45.0,2,0,0,0
Instance21,4483,72.0,7,0,0,0
Instance23,3637,82.0,2,0,0,0
Instance25,3616,76.0,3,0,0,0
Instance27,4607,90.0,7,0,0,0
Instance29,3173,42.0,1,0,0,0
Instance31,4430,99.0,8,0,0,0
Instance33,3727,48.0,4,0,0,0
Instance35,3482,96.0,2,0,0,0
Instance37,3238,44.0,1,0,0,0
Instance39,3333,63.0,2,0,0,0
Instance41,3265,41.0,1,0,0,0
Instance43,3693,95.0,3,0,0,0
Instance45,3317,57.0,2,0,0,0
Instance47,4388,69.0,6,0,0,0
Instance49,3741,75.0,3,0,0,0
Instance51,4142,73.0,6,0,0,0
Instance53,3563,69.0,2,0,0,0
Instance55,3511,52.0,2,0,0,0
Instance57,3739,84.0,3,0,0,0
Instance59,3418,244.0,2,0,0,0
Instance61,3469,87.0,2,0,0,0
Instance63,3462,66.0,3,0,0,0
Instance65,4146,111.0,5,0,0,0
Instance67,3409,41.0,1,0,0,0
Instance69,3608,55.0,3,0,0,0
Instance71,3669,64.0,4,0,0,0
Instance73,4025,83.0,4,0,0,0
Instance75,3559,60.0,2,0,0,0
Instance77,3575,288.0,3,0,0,0
Instance79,4036,142.0,5,0,0,0
Instance81,3778,81.0,4,0,0,0
Instance83,3499,68.0,2,0,0,0
Instance85,3810,319.0,4,0,0,0
Instance87,4027,78.0,5,0,0,0
Instance89,4385,164.0,6,0,0,0
Instance91,3607,133.0,3,0,0,0
Instance93,3693,84.0,3,0,0,0
Instance95,4378,464.0,6,0,0,0
Instance97,3660,104.0,3,0,0,0
Instance0,8045,246.0,21,0,0,0
Instance1,8176,278.0,23,0,0,0
Domain wipe-out of variable V29. No solution to CSP.
Instance3,11434,767.0,147,0,0,2147483647
Instance5,9367,432.0,29,0,0,0
Instance7,8767,266.0,26,0,0,0
Instance9,7740,192.0,19,0,0,0
Instance11,9165,774.0,28,0,0,0
Domain wipe-out of variable V15. No solution to CSP.
Instance13,11174,1634.0,148,0,0,2147483647
Instance15,7420,188.0,19,0,0,0
Instance17,9179,153.0,26,0,0,0
Instance21,10755,307.0,38,0,1073741824,0
Instance23,10306,272.0,36,0,0,0
Domain wipe-out of variable V13. No solution to CSP.
Instance25,12232,607.0,168,0,0,2147483647
Instance27,9912,325.0,33,0,0,0
Domain wipe-out of variable V4. No solution to CSP.
Instance31,8928,462.0,143,0,0,2147483647
Instance33,16384,295.0,89,0,-100663296,0
Instance36,14921,148.0,65,0,-1073741824,0
Instance38,9601,262.0,35,0,0,0
Instance40,10847,378.0,36,0,0,0
Instance42,8111,307.0,21,0,0,0
Instance44,11573,253.0,43,0,0,0
Instance46,11601,204.0,47,0,-2147483648,0
Instance48,8094,124.0,20,0,0,0
Instance50,8609,174.0,23,0,0,0
Instance52,9986,213.0,34,0,0,0
Instance54,9818,167.0,35,0,0,0
